Person_ID,RD_No,Crash_Date,Crash_Location,Victim,Longitude,Latitude,Location
O699223,JC353600,07/28/2019 02:13:00 AM,3529 N HALSTED ST,DRIVER,-87.64930836,41.94632714,POINT (-87.64930836 41.94632714)
P258673,JE321561,07/31/2021 10:50:00 PM,7300 S RACINE AVE,PASSENGER,-87.65416583,41.76136917,POINT (-87.65416583 41.76136917)
O853602,JD170887,03/02/2020 02:07:00 AM,700 N LASALLE DR,DRIVER,-87.63282,41.89485,POINT (-87.63282 41.89485)
O775752,JC500358,11/06/2019 06:58:00 AM,3800 N MILWAUKEE AVE,CYCLIST,-87.74195,41.94999,POINT (-87.74195 41.94999)
O1304767,JF185594,03/24/2022 10:06:00 PM,7464 N SHERIDAN RD,CYCLIST,-87.66583922,42.01807519,POINT (-87.66583922 42.01807519)
O1133286,JE290581,07/05/2021 01:50:00 AM,1109 S INDEPENDENCE BLVD,DRIVER,-87.71942404,41.86774523,POINT (-87.71942404 41.86774523)
O1119787,JE268858,06/17/2021 01:32:00 AM,1550 N LAKE SHORE DR,DRIVER,-87.6239874,41.90250032,POINT (-87.6239874 41.90250032)
O992235,JD427835,11/11/2020 01:48:00 AM,5983 W JACKSON BLVD,DRIVER,-87.77393,41.876374,POINT (-87.77393 41.876374)
O1379539,JF319225,07/16/2022 12:53:00 PM,10730 S VINCENNES AVE,DRIVER,-87.65920347,41.69858237,POINT (-87.65920347 41.69858237)
O1289162,JF157310,02/27/2022 01:15:00 AM,4533 W NORTH AVE,DRIVER,-87.74021558,41.90958979,POINT (-87.74021558 41.90958979)
O975453,JD396662,10/12/2020 07:35:00 AM,5800 N PULASKI RD,DRIVER,-87.72866342,41.98592799,POINT (-87.72866342 41.98592799)
O556614,JC103230,01/03/2019 03:01:00 PM,4400 N CENTRAL AVE,PEDESTRIAN,-87.76739,41.960528,POINT (-87.76739 41.960528)
O740769,JC436945,09/17/2019 12:00:00 AM,530 N LA SALLE DR,PEDESTRIAN,-87.63273,41.891682,POINT (-87.63273 41.891682)
O1306483,JF188687,03/27/2022 10:35:00 PM,3350 S KEDZIE AVE,PEDESTRIAN,-87.7048204,41.8319601,POINT (-87.7048204 41.8319601)
O1140174,JE301950,07/15/2021 03:46:00 AM,8120 S HOUSTON,PEDESTRIAN,-87.55054085,41.74765213,POINT (-87.55054085 41.74765213)
O1194219,JE390072,09/28/2021 09:50:00 AM,8106 S RACINE AVE,PEDESTRIAN,-87.65378117,41.74659471,POINT (-87.65378117 41.74659471)
P205530,JD264551,06/15/2020 07:07:00 AM,3739 W HARRISON ST,PASSENGER,-87.71973354,41.87340547,POINT (-87.71973354 41.87340547)
O1389413,JF336725,07/29/2022 09:00:00 PM,425 W 103RD,MOTORCYCLIST,-87.63662176,41.70710702,POINT (-87.63662176 41.70710702)
O805341,JC547392,12/15/2019 05:00:00 AM,400 W POLK ST,DRIVER,-87.63771,41.872159,POINT (-87.63771 41.872159)
P217433,JD358180,09/06/2020 04:27:00 AM,3000 S LAKE SHORE DR SB,PASSENGER,-87.60938,41.839965,POINT (-87.60938 41.839965)
O1026070,JE115384,01/17/2021 11:40:00 AM,200 W 98TH PL,DRIVER,-87.62868,41.716313,POINT (-87.62868 41.716313)
O1093089,JE217785,05/03/2021 01:58:00 AM,2145 N ASHLAND AVE,DRIVER,-87.66841182,41.92107916,POINT (-87.66841182 41.92107916)
O573953,JC124927,01/21/2019 08:56:00 PM,10355 S KEDZIE AVE,DRIVER,-87.70114,41.704506,POINT (-87.70114 41.704506)
O1245790,JE476125,12/13/2021 02:11:00 PM,601 E 75TH ST,PEDESTRIAN,-87.61019211,41.75837658,POINT (-87.61019211 41.75837658)
O814537,JD101193,01/01/2020 11:18:00 PM,1448 W 112TH PL,DRIVER,-87.65875,41.689427,POINT (-87.65875 41.689427)
O989412,JD422346,11/05/2020 11:05:00 PM,4033 W FULLERTON AVE,MOTORCYCLIST,-87.72813,41.924359,POINT (-87.72813 41.924359)
O1164310,JE341406,08/18/2021 11:09:00 AM,3151 W ROOSEVELT RD,PEDESTRIAN,-87.70518242,41.86630403,POINT (-87.70518242 41.86630403)
O1236022,JE459806,11/29/2021 01:06:00 AM,733 W 25TH ST,DRIVER,-87.64505542,41.84685372,POINT (-87.64505542 41.84685372)
O1369140,JF299101,07/29/2022 06:45:00 PM,2722 W 23RD ST,PEDESTRIAN,-87.69390769,41.85021161,POINT (-87.69390769 41.85021161)
P229718,JD469602,12/26/2020 03:12:00 AM,300 E 63RD ST,DRIVER,-87.61882,41.780291,POINT (-87.61882 41.780291)
O929442,JD316892,07/31/2020 10:40:00 PM,457 W 76TH ST,DRIVER,-87.63672,41.756109,POINT (-87.63672 41.756109)
O580145,JC142493,02/06/2019 03:35:00 PM,4325 W NORTH AVE,PEDESTRIAN,-87.73482,41.909665,POINT (-87.73482 41.909665)
O1170318,JE351366,08/26/2021 02:30:00 AM,4601 W NORTH AVE,DRIVER,-87.74142821,41.90957303,POINT (-87.74142821 41.90957303)
O1168211,JE347934,08/24/2021 05:29:00 AM,3335 E 79TH ST,DRIVER,-87.70619524,41.74957132,POINT (-87.70619524 41.74957132)
O682953,JC328580,06/30/2019 12:00:00 PM,9859 S VAN VLISSINGEN RD,PEDESTRIAN,-87.5742,41.715622,POINT (-87.5742 41.715622)
O1404127,JF366819,08/23/2022 01:40:00 AM,6699 N WESTERN AVE,PEDESTRIAN,-87.68987491,42.00309981,POINT (-87.68987491 42.00309981)
,X202000000000,03/18/2020 04:14:00 PM,REPORTED BY ROSEMONT POLICE DEPARTMENT,DRIVER,-87.88940645,41.99921279,POINT (-87.88940645 41.99921279)
O1346204,JF258108,05/27/2022 07:01:00 PM,3032 W NORTH AVE,PEDESTRIAN,-87.70351003,41.91027069,POINT (-87.70351003 41.91027069)
O1295383,JF168894,03/10/2022 03:00:00 AM,5026 S LAKE SHORE DR,DRIVER,-87.58211308,41.80357874,POINT (-87.58211308 41.80357874)
O1127533,JE281116,06/27/2021 10:54:00 AM,5211 S ASHLAND AVE,DRIVER,-87.66457483,41.79912388,POINT (-87.66457483 41.79912388)
O1413212,JF383264,09/04/2022 08:10:00 PM,730 S CICERO AVE,PEDESTRIAN,-87.74507283,41.87124253,POINT (-87.74507283 41.87124253)
O876584,JD217176,04/25/2020 08:34:00 PM,4125 W 31ST ST,PEDESTRIAN,-87.72793,41.836731,POINT (-87.72793 41.836731)
O901181,JD266929,06/17/2020 12:53:00 PM,3958 W IOWA ST,DRIVER,-87.72607,41.897309,POINT (-87.72607 41.897309)
O1191393,JE386290,09/24/2021 10:47:00 PM,4917 N MILWAUKEE AVE,PEDESTRIAN,-87.76259589,41.97018002,POINT (-87.76259589 41.97018002)
P209357,JD293557,07/11/2020 06:41:00 AM,2558 W PETERSON AVE,PASSENGER,-87.69447,41.990581,POINT (-87.69447 41.990581)
O655675,JC279043,05/26/2019 04:09:00 AM,12521 W TOUHY AVE,PEDESTRIAN,-87.93398,42.008058,POINT (-87.93398 42.008058)
O1214558,JE424786,10/27/2021 08:34:00 PM,505 N LAKE SHORE DR,CYCLIST,-87.61410753,41.89127929,POINT (-87.61410753 41.89127929)
O620618,JC216301,04/08/2019 12:34:00 PM,3610 W GRAND AVE,PEDESTRIAN,-87.71723256,41.90264416,POINT (-87.71723256 41.90264416)
O1054638,JE161160,03/06/2021 05:05:00 PM,6129 S PULASKI RD,CYCLIST,-87.72269,41.781429,POINT (-87.72269 41.781429)
O1077069,JE200252,04/15/2021 03:03:00 AM,11400 S WENTWORTH AVE,PEDESTRIAN,-87.62788504,41.68705376,POINT (-87.62788504 41.68705376)
O1104879,JE243532,05/26/2021 01:10:00 PM,1430 W ADDISON ST,DRIVER,-87.66517202,41.94715911,POINT (-87.66517202 41.94715911)
P276043,JE455299,11/24/2021 01:48:00 AM,800 S WESTERN AVE,PASSENGER,-87.68631026,41.87111238,POINT (-87.68631026 41.87111238)
O647677,JC264279,05/15/2019 03:25:00 PM,8500 S COTTAGE GROVE AVE,PEDESTRIAN,-87.60507031,41.74017704,POINT (-87.60507031 41.74017704)
O626988,JC217489,04/09/2019 10:15:00 AM,5401 W 63RD ST,DRIVER,-87.7569806,41.77803609,POINT (-87.7569806 41.77803609)
O1005928,JD453770,12/09/2020 03:58:00 AM,4647 S WESTERN AVE,DRIVER,-87.68429,41.808861,POINT (-87.68429 41.808861)
P263312,JE357187,08/31/2021 08:05:00 PM,1600 E 95TH ST,PASSENGER,-87.58500357,41.72244946,POINT (-87.58500357 41.72244946)
O678151,JC320340,06/24/2019 06:41:00 PM,8900 S CLYDE AVE,PEDESTRIAN,-87.5733478,41.73334986,POINT (-87.5733478 41.73334986)
O595609,JC172183,03/03/2019 11:34:00 AM,507 E PERSHING RD,DRIVER,-87.61493,41.699968,POINT (-87.61493 41.699968)
O915418,JD292201,07/10/2020 02:55:00 AM,501 S SACRAMENTO BLVD,PEDESTRIAN,-87.72779,41.895197,POINT (-87.72779 41.895197)
O1161811,JE337141,08/14/2021 12:35:00 PM,3558 N FREMONT,PEDESTRIAN,-87.65204404,41.94718679,POINT (-87.65204404 41.94718679)
O1350268,JF265772,06/03/2022 04:09:00 AM,9318 S VINCENNES AVE,DRIVER,-87.64967548,41.72445402,POINT (-87.64967548 41.72445402)
O787161,JC519436,11/21/2019 06:20:00 PM,8300 S EXCHANGE AVE,PEDESTRIAN,-87.5529,41.744581,POINT (-87.5529 41.744581)
O828422,JD126494,01/23/2020 11:40:00 PM,800 W 87TH ST,PEDESTRIAN,-87.64366,41.736183,POINT (-87.64366 41.736183)
O1131714,JE288010,07/03/2021 01:13:00 AM,5359 W BELMONT AVE,MOTORCYCLIST,-87.76147057,41.93852924,POINT (-87.76147057 41.93852924)
O1144182,JE308615,07/21/2021 03:56:00 AM,9458 S HALSTED ST,DRIVER,-87.64336192,41.72153443,POINT (-87.64336192 41.72153443)
O926873,JD312535,07/28/2020 08:03:00 AM,3401 W OGDEN AVE,DRIVER,-87.71024,41.856019,POINT (-87.71024 41.856019)
O1418467,JF393784,09/12/2022 09:24:00 PM,449 E 79TH ST,PEDESTRIAN,-87.6129789,41.75104183,POINT (-87.6129789 41.75104183)
O1263646,JF113836,01/15/2022 02:40:00 PM,836 W OHARE ST,PEDESTRIAN - PENDING,-87.90530913,41.97620114,POINT (-87.90530913 41.97620114)
O882856,JD230591,05/12/2020 03:57:00 PM,1208 E 83RD ST,MOTORCYCLIST,-87.59294,41.744224,POINT (-87.59294 41.744224)
O917328,JD295519,07/13/2020 03:50:00 AM,6327 S HARLEM AVE,MOTORCYCLIST,-87.80074,41.776597,POINT (-87.80074 41.776597)
O610256,JC197585,03/24/2019 08:45:00 AM,3600 N OAK PARK AVE,DRIVER,-87.79614,41.945566,POINT (-87.79614 41.945566)
O1219007,JE431316,11/02/2021 11:13:00 AM,10325 S COMMERCIAL AVE,PEDESTRIAN,-87.55345421,41.70745778,POINT (-87.55345421 41.70745778)
O655675,JC298443,06/09/2019 02:42:00 AM,1757 W 87TH ST,PEDESTRIAN,-87.66778,41.735617,POINT (-87.66778 41.735617)
O922720,JC479264,10/20/2019 02:18:00 AM,3402 W IRVING PARK RD,CYCLIST,-87.74195,41.94999,POINT (-87.74195 41.94999)
O1053144,JE158305,03/03/2021 06:09:00 PM,3457 S DR MARTIN LUTHER KING DR,PEDESTRIAN,-87.61683,41.83164,POINT (-87.61683 41.83164)
O1207368,JE413123,10/17/2021 07:30:00 PM,3031 S ARCHER AVE,PEDESTRIAN,-87.66218169,41.83947663,POINT (-87.66218169 41.83947663)
O1108070,JE250622,06/02/2021 12:25:00 AM,200 S LAKE SHORE DR,DRIVER,-87.61737571,41.87958569,POINT (-87.61737571 41.87958569)
O873681,JD212476,04/19/2020 03:30:00 PM,8501 S CICERO AVE,MOTORCYCLIST,-87.74083,41.738141,POINT (-87.74083 41.738141)
O969412,JD386567,10/02/2020 04:30:00 PM,617 S PULASKI RD,PEDESTRIAN,-87.72526,41.872973,POINT (-87.72526 41.872973)
O1055850,JE163553,03/09/2021 12:00:00 PM,6200 S ARCHER AVE,DRIVER,-87.77463,41.793942,POINT (-87.77463 41.793942)
P278533,JE474920,12/12/2021 12:45:00 PM,5301 N DUSABLE LAKE SHORE DR,PASSENGER,-87.65088926,41.97833081,POINT (-87.65088926 41.97833081)
O683110,JC329166,06/30/2019 07:30:00 PM,3416 N PONTIAC AVE,DRIVER,-87.83510477,41.94130489,POINT (-87.83510477 41.94130489)
O1100651,JE238781,05/22/2021 02:08:00 PM,2727 W CERMAK RD,MOTORCYCLIST,-87.69406896,41.85180873,POINT (-87.69406896 41.85180873)
O715980,JC390472,08/13/2019 10:03:00 AM,799 W 51ST ST,MOTORCYCLIST,-87.64528,41.801475,POINT (-87.64528 41.801475)
O1026835,JD463457,12/19/2020 11:08:00 AM,6902 S ASHLAND AVE,PEDESTRIAN,-87.66403,41.768398,POINT (-87.66403 41.768398)
O628138,JC229417,04/18/2019 04:55:00 PM,459 W 59TH ST,DRIVER,-87.63759914,41.78704274,POINT (-87.63759914 41.78704274)
P217431,JD358180,09/06/2020 04:27:00 AM,3000 S LAKE SHORE DR SB,DRIVER,-87.60938,41.839965,POINT (-87.60938 41.839965)
O1299571,JF176347,03/16/2022 07:37:00 PM,10934 S WESTERN AVE,PEDESTRIAN,-87.68139222,41.69457793,POINT (-87.68139222 41.69457793)
O1330147,JF230559,05/04/2022 09:20:00 PM,3821 N MILWAUKEE AVE,CYCLIST,-87.7421514,41.95039565,POINT (-87.7421514 41.95039565)
O891714,JD248163,05/31/2020 02:16:00 AM,9500 S JEFFERY AVE,DRIVER,-87.5755,41.722376,POINT (-87.5755 41.722376)
O908274,JD279345,06/28/2020 06:49:00 PM,8310 S LAWNDALE AVE,CYCLIST,-87.71451,41.741908,POINT (-87.71451 41.741908)
O1242236,JE470724,12/08/2021 06:53:00 AM,6531 63RD ST,PEDESTRIAN,-87.78498869,41.77751202,POINT (-87.78498869 41.77751202)
P247736,JE244216,05/27/2021 12:02:00 AM,325 S WESTERN AVE,PASSENGER,-87.68617406,41.87676371,POINT (-87.68617406 41.87676371)
O1164046,JE340739,08/16/2021 05:19:00 PM,1500 MUSEUM CAMPUS,CYCLIST,-87.6147279,41.86236581,POINT (-87.6147279 41.86236581)
O946990,JD347638,08/27/2020 10:22:00 PM,4800 S LAKE SHORE DR NB,DRIVER,-87.58719,41.808845,POINT (-87.58719 41.808845)
O1000584,JD442726,11/26/2020 11:03:00 PM,8700 S COTTAGE GROVE AVE,PEDESTRIAN,-87.60497,41.736602,POINT (-87.60497 41.736602)
O1317030,JF207282,04/14/2022 12:40:00 AM,3213 E 106TH ST,DRIVER,-87.54579815,41.70265737,POINT (-87.54579815 41.70265737)
P179685,JC515931,11/17/2019 03:17:00 AM,400 E RANDOLPH ST,PASSENGER,-87.61725,41.884646,POINT (-87.61725 41.884646)
O979491,JD404192,10/19/2020 12:38:00 PM,3402 S WESTERN BLVD,DRIVER,-87.68478,41.831973,POINT (-87.68478 41.831973)
P186359,JD101193,01/01/2020 11:18:00 PM,1448 W 112TH PL,PASSENGER,-87.65875,41.689427,POINT (-87.65875 41.689427)
O1372273,JF305197,07/04/2022 04:42:00 PM,3002 E 91ST ST,DRIVER,-87.55110141,41.73018813,POINT (-87.55110141 41.73018813)
O1134239,JE292186,07/06/2021 02:20:00 PM,7900 S DOBSON AVE,MOTORCYCLIST,-87.59926708,41.75125766,POINT (-87.59926708 41.75125766)
O728919,JC415595,09/01/2019 12:00:00 AM,4550 W LAKE ST,CYCLIST,-87.74016,41.886399,POINT (-87.74016 41.886399)
P256162,JE304079,07/17/2021 01:35:00 AM,5050 S ARCHER,PASSENGER,-87.72637277,41.80134967,POINT (-87.72637277 41.80134967)
P290762,JF188673,03/27/2022 10:15:00 PM,4268 W MONTROSE AVE,PASSENGER,-87.73542802,41.96097183,POINT (-87.73542802 41.96097183)
P199374,JD209153,04/14/2020 07:22:00 PM,2701 E 100TH ST,PASSENGER,-87.55804,41.713243,POINT (-87.55804 41.713243)
O1185749,JE376992,09/17/2021 11:50:00 AM,4803 W DIVERSEY AVE,CYCLIST,-87.74679184,41.93142105,POINT (-87.74679184 41.93142105)
O1040748,JE139193,02/11/2021 07:27:00 PM,150 W 53RD ST,PEDESTRIAN,-87.62984,41.798345,POINT (-87.62984 41.798345)
O688492,JC339391,07/08/2019 02:55:00 AM,970 W SHERIDAN RD,DRIVER,-87.65578,41.99832,POINT (-87.65578 41.99832)
O955550,JD362835,09/10/2020 03:00:00 PM,4923 S DR MARTIN LUTHER KING JR DR,PASSENGER,-87.61633,41.805032,POINT (-87.61633 41.805032)
O1064326,JE178868,03/24/2021 10:22:00 PM,2215 W 47TH ST,PEDESTRIAN,-87.68042,41.808341,POINT (-87.68042 41.808341)
O1250080,JE484352,12/21/2021 12:02:00 AM,919 W PERSHING RD,DRIVER,-87.64904332,41.82330602,POINT (-87.64904332 41.82330602)
O845435,JD152093,02/14/2020 07:26:00 PM,3812 W 111TH ST,PEDESTRIAN,-87.71602,41.69144,POINT (-87.71602 41.69144)
O1185425,JE376393,09/16/2021 08:04:00 PM,757 N KEDZIE AVE,PEDESTRIAN,-87.7064046,41.8954079,POINT (-87.7064046 41.8954079)
O743709,JC443474,09/22/2019 12:00:00 AM,2030 N CICERO AVE,PEDESTRIAN,-87.74629,41.917887,POINT (-87.74629 41.917887)
O843754,JD153488,02/16/2020 03:36:00 AM,25 N CICERO AVE,DRIVER,-87.74517,41.881362,POINT (-87.74517 41.881362)
O1198260,JE397642,10/04/2021 12:23:00 PM,535 W 115TH ST,DRIVER,-87.6362511,41.6850449,POINT (-87.6362511 41.6850449)
O802830,JC547865,12/15/2019 01:38:00 PM,1032 W GARFIELD BLCD,DRIVER,-87.65118,41.794338,POINT (-87.65118 41.794338)
O981900,JD408581,10/23/2020 01:09:00 PM,6202 W HIGGINS AVE,CYCLIST,-87.78312,41.974871,POINT (-87.78312 41.974871)
O1226715,JE444542,11/14/2021 03:53:00 AM,5900 S ASHLAND AVE,PEDESTRIAN,-87.66453916,41.78665418,POINT (-87.66453916 41.78665418)
P126522,JC112400,01/11/2019 01:09:00 AM,77 W LOWER WACKER DR,PASSENGER,-87.63081,41.88668,POINT (-87.63081 41.88668)
O1012353,JD465243,12/21/2020 11:40:00 AM,901 W 63RD ST,PEDESTRIAN,-87.64726896,41.77959999,POINT (-87.64726896 41.77959999)
O1359477,JF281720,06/16/2022 09:58:00 AM,3351 W 16TH ST,PEDESTRIAN,-87.70990358,41.85892424,POINT (-87.70990358 41.85892424)
O1391467,JF342060,08/02/2022 09:30:00 PM,4010 W FIFTH AVE,PEDESTRIAN,-87.72593055,41.87296446,POINT (-87.72593055 41.87296446)
O1096325,JE231545,05/16/2021 12:35:00 AM,8300 DORCHESTER AVE,DRIVER,-87.59059504,41.74404884,POINT (-87.59059504 41.74404884)
O708920,JC376895,08/03/2019 03:10:00 PM,9400 S COTTAGE GROVE AVE,PEDESTRIAN,-87.60466,41.724067,POINT (-87.60466 41.724067)
O941090,JD336968,08/18/2020 04:30:00 PM,4363 W MONTROSE AVE,MOTORCYCLIST,-87.73811,41.960722,POINT (-87.73811 41.960722)
O1091027,JE223080,05/02/2021 09:35:00 PM,100 N WESTERN AVE,MOTORCYCLIST,-87.68663247,41.88303658,POINT (-87.68663247 41.88303658)
O1062672,JE175802,03/22/2021 12:00:00 AM,6230 S HONORE ST,PEDESTRIAN,-87.67044,41.780257,POINT (-87.67044 41.780257)
O974813,JD395656,10/11/2020 04:20:00 AM,4768 S ARCHER AVE,PASSENGER,-87.71619,41.806923,POINT (-87.71619 41.806923)
O1249011,JE482309,12/19/2021 01:20:00 AM,6300  S STONY ISLAND AVE,DRIVER,-87.58659137,41.77966308,POINT (-87.58659137 41.77966308)
O568488,JC125235,01/22/2019 09:25:00 AM,8518 S COTTAGE GROVE AVE,PEDESTRIAN,-87.60506,41.739689,POINT (-87.60506 41.739689)
O990324,JD423779,11/07/2020 09:40:00 AM,2831 N CICERO AVE,DRIVER,-87.74648556,41.93249606,POINT (-87.74648556 41.93249606)
O687331,JC336780,07/06/2019 12:49:00 AM,1620 S HOMAN AVE,PEDESTRIAN,-87.71046,41.858363,POINT (-87.71046 41.858363)
O1165569,JE343573,08/20/2021 08:04:00 AM,3525 W FLOURNOY,PEDESTRIAN,-87.71421107,41.87256989,POINT (-87.71421107 41.87256989)
O808413,JC557210,12/23/2019 04:26:00 AM,8031 S LAKE SHORE DR,DRIVER,-87.54123,41.749509,POINT (-87.54123 41.749509)
O1371060,JF302917,07/02/2022 05:50:00 PM,701 S PULASKI RD,MOTORCYCLIST,-87.72525319,41.87249774,POINT (-87.72525319 41.87249774)
O1235481,JE458681,11/27/2021 11:38:00 PM,4400 W CERMAK RD,PEDESTRIAN,-87.73455933,41.8515092,POINT (-87.73455933 41.8515092)
P230791,JD469602,12/26/2020 03:12:00 AM,300 E 63RD ST,PASSENGER,-87.61882,41.780291,POINT (-87.61882 41.780291)
O1396578,JF352171,08/10/2022 09:05:00 PM,6317 N CICERO AVE,PEDESTRIAN,-87.74819308,41.99616329,POINT (-87.74819308 41.99616329)
P317079,JF410604,09/25/2022 11:30:00 PM,4355 S ARCHER AVE,PASSENGER,-87.70356218,41.81436814,POINT (-87.70356218 41.81436814)
O736098,JC428878,09/11/2019 12:00:00 AM,5245 W FULLERTON AVE,PEDESTRIAN,-87.75799,41.923973,POINT (-87.75799 41.923973)
P212207,JD316520,07/31/2020 03:43:00 PM,4780 S ARCHER AVE,PASSENGER,-87.71660108,41.8066509,POINT (-87.71660108 41.8066509)
P261791,JE345986,08/22/2021 11:38:00 AM,4013 S ROCKWELL,PASSENGER,-87.68952446,41.82067182,POINT (-87.68952446 41.82067182)
O954767,JD361351,09/09/2020 07:50:00 AM,2000 W WARREN BLVD,CYCLIST,-87.67679,41.88234,POINT (-87.67679 41.88234)
O1158823,JE321645,08/01/2021 12:28:00 AM,1588 W 74TH ST,DRIVER,-87.6635611,41.75934407,POINT (-87.6635611 41.75934407)
O1407517,JF372656,08/27/2022 03:35:00 AM,400 W 26TH ST,CYCLIST,-87.70847223,41.96365679,POINT (-87.70847223 41.96365679)
O780639,JC508491,11/13/2019 01:45:00 AM,13615 S TORRENCE AVE,DRIVER,-87.55915,41.647709,POINT (-87.55915 41.647709)
O1122355,JE272573,06/20/2021 12:25:00 AM,410 N CICERO AVE,MOTORCYCLIST,-87.74571338,41.88824133,POINT (-87.74571338 41.88824133)
O1077264,JE200673,04/15/2021 11:05:00 PM,146 S WESTERN AVE,DRIVER,-87.68652065,41.87894459,POINT (-87.68652065 41.87894459)
O1011218,JD463222,12/19/2020 03:23:00 AM,2000 W AUGUSTA BLVD,DRIVER,-87.67728,41.899659,POINT (-87.67728 41.899659)
O1134659,JE292895,07/07/2021 12:47:00 AM,7103 S ASHLAND AVE,PEDESTRIAN,-87.66364395,41.76480481,POINT (-87.66364395 41.76480481)
O627654,JC228512,04/17/2019 09:35:00 PM,6080 N CALDWELL AVE,MOTORCYCLIST,-87.7544,41.991424,POINT (-87.7544 41.991424)
O647819,JC264930,05/16/2019 01:32:00 AM,433 E 95TH ST,PEDESTRIAN,-87.61287,41.721804,POINT (-87.61287 41.721804)
O888299,JD240798,05/23/2020 08:56:00 PM,3851 W CHICAGO AVE,PEDESTRIAN,-87.72323,41.895283,POINT (-87.72323 41.895283)
P264086,JE362824,09/05/2021 07:10:00 PM,7000 N WESTERN AVE,PASSENGER,-87.69031084,42.00867159,POINT (-87.69031084 42.00867159)
O1080607,JE193857,04/08/2021 09:33:00 PM,3800 W HARRISON ST,PEDESTRIAN,-87.72040656,41.87362412,POINT (-87.72040656 41.87362412)
O705540,JC370669,07/30/2019 08:30:00 AM,4243 W ROOSEVELT RD,DRIVER,-87.73170774,41.8659683,POINT (-87.73170774 41.8659683)
P273788,JE437502,11/07/2021 09:01:00 PM,7400 S ASHLAND AVE,PASSENGER,-87.66378572,41.7593684,POINT (-87.66378572 41.7593684)
O921838,JD302966,07/19/2020 04:45:00 PM,5201 S CICERO AVE,DRIVER,-87.74278,41.798565,POINT (-87.74278 41.798565)
O1193471,JE389557,09/27/2021 06:25:00 PM,4916 N ELSTON AVE,PEDESTRIAN,-87.74319313,41.96983225,POINT (-87.74319313 41.96983225)
O1227763,JE445470,11/15/2021 12:51:00 AM,5907 W WENTWORTH AVE,DRIVER,-87.63016381,41.78702847,POINT (-87.63016381 41.78702847)
O1023661,JE111229,01/13/2021 12:30:00 AM,3300 E 100TH ST,DRIVER,-87.54322,41.713924,POINT (-87.54322 41.713924)
O620862,JC201118,03/27/2019 05:53:00 AM,3159 W ROOSEVELT RD,DRIVER,-87.70552,41.866298,POINT (-87.70552 41.866298)
O852152,JD168667,02/29/2020 12:35:00 AM,3730 W LAKE ST,CYCLIST,-87.7197,41.885242,POINT (-87.7197 41.885242)
,JD28028SB,06/01/2020 07:19:00 PM,2942 W 51ST ST,PEDESTRIAN,-87.69473503,41.8009659,POINT (-87.69473503 41.8009659)
O636655,JC245094,05/01/2019 08:45:00 AM,6125 N MILWAUKEE AVE,DRIVER,-87.78352149,41.99287544,POINT (-87.78352149 41.99287544)
O762632,JC477539,10/18/2019 04:11:00 PM,802 W GARFIELD BLVD,PEDESTRIAN,-87.64536048,41.79440996,POINT (-87.64536048 41.79440996)
O1284039,JF148420,02/18/2022 11:14:00 AM,8700 S JEFFERY BLVD,DRIVER,-87.57586271,41.73696313,POINT (-87.57586271 41.73696313)
O969768,JD386981,10/03/2020 01:52:00 AM,10833 S HALSTED,DRIVER,-87.64237,41.696855,POINT (-87.64237 41.696855)
O1313557,JF201098,04/08/2022 04:52:00 AM,3532 W 63RD ST,DRIVER,-87.71171973,41.77894241,POINT (-87.71171973 41.77894241)
O1013247,JD442688,11/26/2020 10:21:00 PM,5900 S ASHLAND AVE,DRIVER,-87.66454,41.786654,POINT (-87.66454 41.786654)
O928066,JD314576,07/29/2020 09:56:00 PM,4005 W DIVISION ST,PEDESTRIAN,-87.72654341,41.90255578,POINT (-87.72654341 41.90255578)
O1146773,JE312665,07/24/2021 04:00:00 PM,5316 N MILWAUKEE AVE,CYCLIST,-87.76907431,41.97693689,POINT (-87.76907431 41.97693689)
O695499,JC352198,07/17/2019 02:38:00 AM,805 S CENTRAL AVE,PEDESTRIAN,-87.76413,41.870013,POINT (-87.76413 41.870013)
O1231872,JE453060,11/21/2021 11:25:00 PM,9630 S TORRENCE,DRIVER,-87.55998637,41.71987569,POINT (-87.55998637 41.71987569)
O768206,JC487730,10/26/2019 10:10:00 PM,8749 S HALSTED ST,DRIVER,-87.64343,41.734449,POINT (-87.64343 41.734449)
P249020,JE253119,06/04/2021 06:29:00 AM,7840 S RACINE AVE,PASSENGER,-87.65389912,41.7511058,POINT (-87.65389912 41.7511058)
P308148,JF326723,07/21/2022 11:48:00 PM,5718 N BROADWAY,PASSENGER,-87.66028894,41.98605087,POINT (-87.66028894 41.98605087)
O1263726,JF114131,01/15/2022 07:17:00 PM,4303 W JACKSON BLVD,PEDESTRIAN,-87.73309551,41.87688519,POINT (-87.73309551 41.87688519)
O1330962,JF231906,05/06/2022 02:32:00 AM,1200 S DAMEN AVE,PEDESTRIAN,-87.67639524,41.86670667,POINT (-87.67639524 41.86670667)
O1255431,JE494142,12/31/2021 04:20:00 PM,5757 W BELMONT AVE,PEDESTRIAN,-87.77121584,41.93840288,POINT (-87.77121584 41.93840288)
O1107114,JE249059,05/31/2021 03:20:00 PM,7010 W GRAND AVE,DRIVER,-87.80124359,41.92366003,POINT (-87.80124359 41.92366003)
O1053786,JE158490,03/03/2021 09:30:00 PM,8502 S PULASKI RD,DRIVER,-87.7217,41.73841,POINT (-87.7217 41.73841)
O960267,JD371019,09/18/2020 07:35:00 AM,1402 E 95TH ST,DRIVER,-87.58982,41.722383,POINT (-87.58982 41.722383)
P306921,JF319225,07/16/2022 12:53:00 PM,10730 S VINCENNES AVE,PASSENGER,-87.65920347,41.69858237,POINT (-87.65920347 41.69858237)
O1101642,JE240381,05/23/2021 07:52:00 PM,12442 S TORRECNCE,DRIVER,-87.55940241,41.66913767,POINT (-87.55940241 41.66913767)
O881736,JD228562,05/10/2020 12:27:00 AM,6636 S CORNELL DR,PEDESTRIAN,-87.58551,41.774143,POINT (-87.58551 41.774143)
O1190671,JE385185,09/24/2021 03:08:00 AM,891 S COLUMBUS DR,DRIVER,-87.62039483,41.87080814,POINT (-87.62039483 41.87080814)
O576798,JC138358,02/03/2019 04:05:00 AM,4117 W MADISON ST,PEDESTRIAN,-87.72885,41.880578,POINT (-87.72885 41.880578)
O917341,JD295476,07/13/2020 02:21:00 AM,1502 S CENTRAL PARK AVE,CYCLIST,-87.7154,41.860652,POINT (-87.7154 41.860652)
O1174037,JE357187,08/31/2021 08:05:00 PM,1600 E 95TH ST,DRIVER,-87.58500357,41.72244946,POINT (-87.58500357 41.72244946)
O679099,JC321964,06/25/2019 08:46:00 PM,501 S LAKE SHORE DR NB,PEDESTRIAN,-87.61699,41.875762,POINT (-87.61699 41.875762)
O1146933,JE308386,07/20/2021 08:26:00 PM,2401 W TOUHY AVE,PEDESTRIAN,-87.69037599,42.01216958,POINT (-87.69037599 42.01216958)
O897233,JD259411,06/10/2020 06:07:00 AM,7141 S COTTAGE GROVE AVE,DRIVER,-87.60539,41.764684,POINT (-87.60539 41.764684)
O860755,JD181940,03/11/2020 01:10:00 PM,4508 W 63RD ST,DRIVER,-87.7354,41.778621,POINT (-87.7354 41.778621)
O1217549,JE428780,10/31/2021 09:24:00 AM,423 W 95TH ST,PEDESTRIAN,-87.63443878,41.72147129,POINT (-87.63443878 41.72147129)
P298565,JF251224,05/22/2022 05:05:00 AM,8828S STONY ISLAND AVE,PASSENGER,-87.58573489,41.73421192,POINT (-87.58573489 41.73421192)
O786957,JC518981,11/21/2019 12:30:00 PM,5404 NORTH AVE,PEDESTRIAN,-87.76092,41.909544,POINT (-87.76092 41.909544)
P256328,JE252312,06/03/2021 02:00:00 PM,500 N  HOMAN AVE,PASSENGER,-87.71142848,41.89033194,POINT (-87.71142848 41.89033194)
P287418,JF159275,02/28/2022 11:18:00 PM,11100 S COTTAGE GROVE,PASSENGER,-87.61001554,41.69274215,POINT (-87.61001554 41.69274215)
O1004652,JD450895,12/05/2020 11:48:00 PM,7401 S CICERO AVE,DRIVER,-87.74154,41.758728,POINT (-87.74154 41.758728)
,JF211139,04/18/2022 12:28:00 AM,3401 S CALIFORNIA AVE,DRIVER,-87.694832,41.83161,POINT (-87.694832 41.83161)
P189267,JD125218,01/22/2020 09:34:00 PM,2700 W 82ND ST,PASSENGER,-87.69012,41.744633,POINT (-87.69012 41.744633)
O961610,JD373147,09/20/2020 05:24:00 AM,930 W GARFIELD BLVD,DRIVER,-87.64885,41.794368,POINT (-87.64885 41.794368)
P253110,JE280123,06/26/2021 12:10:00 PM,328 W 127TH ST,PASSENGER,-87.63051574,41.66344162,POINT (-87.63051574 41.66344162)
O714194,JC387223,08/10/2019 07:13:00 PM,405 E 61ST ST,PEDESTRIAN,-87.61547,41.783779,POINT (-87.61547 41.783779)
O921820,JD303226,07/19/2020 09:05:00 PM,5841 S RUSSELL DR,MOTORCYCLIST,-87.61491,41.788113,POINT (-87.61491 41.788113)
O1412402,JF381719,09/03/2022 02:10:00 PM,4900 W 55TH,MOTORCYCLIST,-87.74556748,41.79309769,POINT (-87.74556748 41.79309769)
O1302557,JF177608,03/17/2022 08:07:00 PM,6000 W GRAND AVE,PEDESTRIAN,-87.77563027,41.92067663,POINT (-87.77563027 41.92067663)
O1398915,JF347151,08/06/2022 10:05:00 PM,9745 S HALSTED ST,PEDESTRIAN,-87.65388333,41.75047493,POINT (-87.65388333 41.75047493)
O1322611,JF217604,04/23/2022 07:55:00 PM,5259 W IRVING PARK RD,MOTORCYCLIST,-87.75948311,41.95316454,POINT (-87.75948311 41.95316454)
O1429684,JF414536,09/28/2022 08:53:00 PM,3175 W 31ST STREET,DRIVER,-87.70475666,41.8371248,POINT (-87.70475666 41.8371248)
P216851,JD353852,09/02/2020 12:27:00 PM,8001 S HALSTED ST,PASSENGER,-87.64384,41.748731,POINT (-87.64384 41.748731)
O767424,JC486849,10/26/2019 04:30:00 AM,2420 S DR MARTIN LUTHER KING JR DR,DRIVER,-87.61803,41.8487,POINT (-87.61803 41.8487)
O1181695,JE370083,09/11/2021 06:46:00 PM,2630 S MARTIN LUTHER KING JR DR,MOTORCYCLIST,-87.61779447,41.84481664,POINT (-87.61779447 41.84481664)
O1372404,JF305486,07/04/2022 10:09:00 PM,6805 S SOUTH CHICAGO AVE,DRIVER,-87.61229795,41.77083736,POINT (-87.61229795 41.77083736)
O1259135,JF106123,01/07/2022 04:20:00 PM,4819 N DUSABLE LAKE SHORE NB DR,DRIVER,-87.64795544,41.97023938,POINT (-87.64795544 41.97023938)
O901021,JD266584,06/17/2020 03:00:00 AM,3300 W 87TH ST,DRIVER,-87.70463,41.735259,POINT (-87.70463 41.735259)
O589442,JC161518,02/22/2019 09:25:00 AM,800 E 87TH ST,PEDESTRIAN,-87.60476457,41.73675996,POINT (-87.60476457 41.73675996)
O838130,JD144363,02/08/2020 09:30:00 AM,2432 N KIMBALL AVE,DRIVER,-87.71228,41.925653,POINT (-87.71228 41.925653)
O655675,JC278672,05/25/2019 09:56:00 PM,1200 N LARAMIE AVE,PASSENGER,-87.75592,41.902293,POINT (-87.75592 41.902293)
O1161349,JE336510,08/13/2021 07:50:00 PM,2921 W ROOSEVELT RD,MOTORCYCLIST,-87.69932698,41.86636266,POINT (-87.69932698 41.86636266)
O1359859,JF265307,06/02/2022 05:40:00 PM,2206 W EASTWOOD AVE,PEDESTRIAN,-87.68432082,41.96604151,POINT (-87.68432082 41.96604151)
O844861,JD155164,02/17/2020 03:05:00 PM,8359 S ELIZABETH ST,DRIVER,-87.65456056,41.74146892,POINT (-87.65456056 41.74146892)
O708332,JC375856,08/02/2019 07:25:00 PM,5402 S LAKE SHORE DR SB,MOTORCYCLIST,-87.58087,41.797907,POINT (-87.58087 41.797907)
P191013,JD140810,02/05/2020 11:53:00 AM,3800 W LAKE ST,PASSENGER,-87.72099,41.885318,POINT (-87.72099 41.885318)
,XMP2100039581,06/27/2021 04:55:00 PM,"REPORTED BY METRA POLICE, 1431 W 107TH ST",PASSENGER,-87.65831496,41.69944718,POINT (-87.65831496 41.69944718)
O977715,JD400813,10/15/2020 10:48:00 PM,1600 S HOMAN AVE,DRIVER,-87.71048,41.858931,POINT (-87.71048 41.858931)
P179684,JC515931,11/17/2019 03:17:00 AM,400 E RANDOLPH ST,PASSENGER,-87.61725,41.884646,POINT (-87.61725 41.884646)
O985465,JD413988,10/28/2020 11:58:00 PM,7900 S DR MARTIN LUTHER KING JR DR,DRIVER,-87.61510225,41.75102047,POINT (-87.61510225 41.75102047)
O561570,JC113653,01/12/2019 12:07:00 AM,6820 W 63rd ST,DRIVER,-87.79189,41.777613,POINT (-87.79189 41.777613)
O1013547,JD467510,12/23/2020 02:06:00 PM,352 E 69TH ST,DRIVER,-87.61658,41.769426,POINT (-87.61658 41.769426)
P257290,JE312076,07/24/2021 02:40:00 AM,600 E 103RD,PASSENGER,-87.60882266,41.70750028,POINT (-87.60882266 41.70750028)
O982037,JD332064,08/07/2020 12:27:00 PM,3307 S ASHLAND AVE,PEDESTRIAN,-87.6655,41.833963,POINT (-87.6655 41.833963)
O1361452,JF284895,06/18/2022 03:56:00 PM,7411 W SCHOOL ST,CYCLIST,-87.81191937,41.93960064,POINT (-87.81191937 41.93960064)
O1095690,JE230395,05/14/2021 09:02:00 PM,959 W GRAND AVE,MOTORCYCLIST,-87.65224122,41.89102384,POINT (-87.65224122 41.89102384)
O1437238,JF391415,09/11/2022 02:29:00 AM,2000 N DUSABLE LAKE SHORE DR,DRIVER,-87.62922482,41.91841623,POINT (-87.62922482 41.91841623)
O1186500,JE377977,09/18/2021 02:05:00 AM,340 S CENTRAL PARK,PEDESTRIAN,-87.71587612,41.87587848,POINT (-87.71587612 41.87587848)
O1396675,JF352447,08/11/2022 06:20:00 AM,9899 S AVENUE L,CYCLIST,-87.53633845,41.71589022,POINT (-87.53633845 41.71589022)
P241112,JE194163,04/09/2021 09:38:00 AM,3800 W MARQUETTE BLVD,PASSENGER,-87.7177987,41.77155776,POINT (-87.7177987 41.77155776)
O1200830,JE402219,10/08/2021 05:58:00 AM,2530 W DEVON AVE,PEDESTRIAN,-87.6934855,41.99777847,POINT (-87.6934855 41.99777847)
O1225888,JE443018,11/12/2021 05:20:00 PM,6800 N WESTERN AVE,PEDESTRIAN,-87.69021903,42.00507612,POINT (-87.69021903 42.00507612)
O1371918,JF304578,07/04/2022 03:35:00 AM,3257 S PULASKI RD,PEDESTRIAN,-87.72412903,41.83343126,POINT (-87.72412903 41.83343126)
O1227216,JE445480,11/15/2021 12:48:00 PM,748 W 52ND ST,CYCLIST,-87.64481644,41.79987984,POINT (-87.64481644 41.79987984)
O892871,JD251449,06/02/2020 04:30:00 AM,4510 N PULASKI RD,PEDESTRIAN,-87.72802885,41.96292884,POINT (-87.72802885 41.96292884)
O635011,JC242286,04/29/2019 02:08:00 AM,1000 N LAKE SHORE DR NB,DRIVER,-87.61977981,41.90100286,POINT (-87.61977981 41.90100286)
O642440,JC250626,05/05/2019 11:45:00 AM,873 N DEARBORN ST,PEDESTRIAN,-87.62969,41.898738,POINT (-87.62969 41.898738)
O872421,JD209793,04/15/2020 07:15:00 PM,5150 S ARCHER AVE,DRIVER,-87.73191,41.800502,POINT (-87.73191 41.800502)
P229093,JD464202,12/20/2020 04:11:00 AM,2159 S ASHLAND AVE,DRIVER,-87.66588,41.852377,POINT (-87.66588 41.852377)
P151263,JC298208,06/08/2019 09:22:00 PM,421 N PULASKI RD,DRIVER,-87.72574,41.888533,POINT (-87.72574 41.888533)
O888167,JD240930,05/23/2020 11:15:00 PM,730 S CICERO AVE,PEDESTRIAN,-87.74507,41.871243,POINT (-87.74507 41.871243)
P233283,JE127245,01/30/2021 03:19:00 AM,3000 N LAKE SHORE DR SB,PASSENGER,-87.63405,41.93662,POINT (-87.63405 41.93662)
O694565,JC350369,07/15/2019 07:31:00 PM,6321 S ASHLAND AVE,PEDESTRIAN,-87.66406,41.778815,POINT (-87.66406 41.778815)
O910109,JD282927,07/02/2020 02:36:00 AM,631 W 115TH ST,DRIVER,-87.6385,41.685014,POINT (-87.6385 41.685014)
O1072169,JE191834,04/07/2021 12:10:00 AM,8220 S KEDZIE AVE,PEDESTRIAN,-87.70236934,41.74366367,POINT (-87.70236934 41.74366367)
O598097,JC176360,03/07/2019 04:14:00 AM,3048 N CICERO AVE,PEDESTRIAN,-87.74695,41.936661,POINT (-87.74695 41.936661)
O1243979,JE472385,12/10/2021 10:20:00 AM,4008 S ASHLAND AVE,CYCLIST,-87.66540649,41.8204981,POINT (-87.66540649 41.8204981)
O872780,JD210603,04/16/2020 10:40:00 PM,6900 S STATE ST,DRIVER,-87.62509,41.769104,POINT (-87.62509 41.769104)
P260883,JE338270,08/15/2021 02:13:00 PM,5550 W LEXINGTON ST,PASSENGER,-87.76204388,41.87024936,POINT (-87.76204388 41.87024936)
P206405,JD271659,06/21/2020 07:04:00 PM,8500 S HALSTED ST,PASSENGER,-87.64387,41.739661,POINT (-87.64387 41.739661)
O1221351,JE435031,11/05/2021 02:59:00 PM,1200 E 95TH ST,MOTORCYLIST (MOPED),-87.5947313,41.7223044,POINT (-87.5947313 41.7223044)
O919651,JD299570,07/16/2020 04:19:00 PM,3235 W LAKE ST,DRIVER,-87.70759658,41.88432205,POINT (-87.70759658 41.88432205)
O1189276,JE382681,09/21/2021 10:30:00 PM,4700 S CICERO AVE,PEDESTRIAN,-87.74329682,41.80753037,POINT (-87.74329682 41.80753037)
P140342,JC201118,03/27/2019 05:53:00 AM,3159 W ROOSEVELT RD,PASSENGER,-87.70552,41.866298,POINT (-87.70552 41.866298)
O665922,JC298208,06/08/2019 09:22:00 PM,421 N PULASKI RD,DRIVER,-87.72574,41.888533,POINT (-87.72574 41.888533)
P236942,JE158490,03/03/2021 09:30:00 PM,8502 S PULASKI RD,PASSENGER,-87.7217,41.73841,POINT (-87.7217 41.73841)
O1067830,JE173885,03/19/2021 11:09:00 PM,614 W MARQUETTE RD,PEDESTRIAN,-87.64032,41.772654,POINT (-87.64032 41.772654)
O686352,JC334914,07/04/2019 09:35:00 PM,4959 W DIVERSEY AVE,MOTORCYCLIST,-87.75138,41.931359,POINT (-87.75138 41.931359)
O809193,JC558453,12/24/2019 01:50:00 AM,2327 E 91ST ST,DRIVER,-87.56709,41.729766,POINT (-87.56709 41.729766)
O1040748,JE147824,02/21/2021 12:10:00 PM,1358 S KEELER AVE,PASSENGER,-87.7301,41.862542,POINT (-87.7301 41.862542)
O930863,JD318961,08/02/2020 10:41:00 PM,4005 W 36TH ST,PEDESTRIAN,-87.72477825,41.84414469,POINT (-87.72477825 41.84414469)
O1427712,JF410604,09/25/2022 11:30:00 PM,4355 S ARCHER AVE,DRIVER,-87.70356218,41.81436814,POINT (-87.70356218 41.81436814)
O1010831,JD462423,12/18/2020 11:01:00 AM,11059 S WESTERN AVE,PEDESTRIAN,-87.68102,41.692231,POINT (-87.68102 41.692231)
O629076,JC222679,04/13/2019 03:17:00 AM,6038 S PULASKI RD,MOTORCYCLIST,-87.72303,41.782967,POINT (-87.72303 41.782967)
O1202666,JE405133,10/10/2021 05:09:00 PM,4201 N MARINE DR,PEDESTRIAN,-87.64633753,41.95859292,POINT (-87.64633753 41.95859292)
O706822,JC372842,07/31/2019 04:55:00 PM,2800 W COLUMBUS AVE,PEDESTRIAN,-87.69301,41.754821,POINT (-87.69301 41.754821)
O1175522,JE359649,09/02/2021 08:55:00 PM,8400 S STONY ISLAND,DRIVER,-87.58591564,41.7423299,POINT (-87.58591564 41.7423299)
O584036,JC151607,02/13/2019 11:16:00 PM,4300 S DREXEL BLVD,DRIVER,-87.60468,41.816745,POINT (-87.60468 41.816745)
O1243901,JE473344,12/11/2021 12:14:00 AM,3608 47TH ST,DRIVER,-87.71429136,41.80809777,POINT (-87.71429136 41.80809777)
O1168145,JE346747,08/23/2021 03:08:00 AM,13000 S TORRENCE AVE,DRIVER,-87.55943274,41.65912619,POINT (-87.55943274 41.65912619)
P154747,JC323313,06/26/2019 05:38:00 PM,1302 E 47TH ST,PASSENGER,-87.5948861,41.80977358,POINT (-87.5948861 41.80977358)
O1096876,JE232282,05/16/2021 07:30:00 PM,3500 S LAKE SHORE DRIVE,DRIVER,-87.60627454,41.83111177,POINT (-87.60627454 41.83111177)
O867963,JD199416,04/01/2020 04:50:00 AM,6900 S ASHLAND AVE,DRIVER,-87.66404,41.768455,POINT (-87.66404 41.768455)
O1341011,JF248699,05/19/2022 10:52:00 PM,5359 W IRVING PARK RD,PEDESTRIAN,-87.76194882,41.95313519,POINT (-87.76194882 41.95313519)
P154082,JC318771,06/23/2019 06:05:00 PM,2255 W HARRISON ST,PASSENGER,-87.6835,41.873822,POINT (-87.6835 41.873822)
O1280176,JF141888,02/12/2022 01:50:00 PM,12242 S AVENUE O,DRIVER,-87.54006623,41.67179826,POINT (-87.54006623 41.67179826)
O1122235,JE272604,06/20/2021 01:15:00 AM,3900 S STATE ST,DRIVER,-87.62657307,41.82362966,POINT (-87.62657307 41.82362966)
O976857,JD399598,10/14/2020 07:47:00 PM,5031 S HALSTED ST,PEDESTRIAN,-87.69162,41.875922,POINT (-87.69162 41.875922)
O911350,JD285064,07/03/2020 09:53:00 PM,3138 W LAKE ST,DRIVER,-87.70523,41.884404,POINT (-87.70523 41.884404)
O1138726,JE299326,07/12/2021 06:50:00 PM,5701 N RIDGE,PEDESTRIAN,-87.66313327,41.98564503,POINT (-87.66313327 41.98564503)
O1437237,JF391415,09/11/2022 02:29:00 AM,2000 N DUSABLE LAKE SHORE DR,DRIVER,-87.62922482,41.91841623,POINT (-87.62922482 41.91841623)
O738645,JC433298,09/14/2019 12:00:00 AM,1600 S KEDVALE AVE,MOTORCYCLIST,-87.72877,41.858727,POINT (-87.72877 41.858727)
O886247,JD237306,05/20/2020 07:47:00 AM,653 W TAYLOR ST,CYCLIST,-87.64366,41.869587,POINT (-87.64366 41.869587)
O919729,JD299641,07/12/2020 01:50:00 AM,100 E 130TH ST,DRIVER,-87.61842,41.659217,POINT (-87.61842 41.659217)
O1192679,JE388290,09/26/2021 07:35:00 PM,5600 N HARLEM AVE,MOTORCYCLIST,-87.80708917,41.9828152,POINT (-87.80708917 41.9828152)
P205686,JD266584,06/17/2020 03:00:00 AM,3300 W 87TH ST,PASSENGER,-87.70463,41.735259,POINT (-87.70463 41.735259)
P182350,JC536682,12/06/2019 11:35:00 AM,7200 S LOWE AVE,PASSENGER,-87.64019,41.763359,POINT (-87.64019 41.763359)
,X03-20-10940,09/08/2020 02:57:00 AM,REPORTED BY EXTERNAL POLICE DEPARTMENT,DRIVER,-87.59296892,41.70203184,POINT (-87.59296892 41.70203184)
O1024937,JE109663,01/11/2021 01:05:00 PM,1100 N LARAMIE AVE,PEDESTRIAN,-87.75588,41.900507,POINT (-87.75588 41.900507)
P272602,JE428442,10/30/2021 11:38:00 PM,8201 S STONY ISLAND AVE,PASSENGER,-87.58525697,41.7459383,POINT (-87.58525697 41.7459383)
O726045,JC409229,08/27/2019 12:40:00 PM,3945 W LAKE ST,PEDESTRIAN,-87.72506,41.885323,POINT (-87.72506 41.885323)
O1164337,JE341301,08/18/2021 09:22:00 AM,9100 S LAFAYETTE,DRIVER,-87.62538276,41.72893072,POINT (-87.62538276 41.72893072)
O970669,JD388218,10/04/2020 09:53:00 AM,1010 W 79TH ST,DRIVER,-87.64937293,41.75067219,POINT (-87.64937293 41.75067219)
O1149118,JE316444,07/27/2021 06:20:00 PM,2904 S ARCHER AVE,MOTORCYCLIST,-87.65794054,41.84178496,POINT (-87.65794054 41.84178496)
P279213,JE481329,12/18/2021 02:05:00 AM,2650 W LAKE ST,PASSENGER,-87.69327252,41.88447608,POINT (-87.69327252 41.88447608)
O872575,JC383622,08/08/2019 09:14:00 AM,3832 N CICERO AVE,MOTORCYCLIST,-87.74739,41.95077,POINT (-87.74739 41.95077)
O738858,JC131052,01/27/2019 01:20:00 AM,13000 S AVENUE O,DRIVER,-87.54003,41.659043,POINT (-87.54003 41.659043)
O985357,JD414798,10/29/2020 06:14:00 PM,3501 W CHICAGO AVE,DRIVER,-87.71422519,41.89537021,POINT (-87.71422519 41.89537021)
O1103256,JE243069,05/26/2021 01:30:00 AM,2600 N WESTERN AVE,CYCLIST,-87.68792224,41.92866979,POINT (-87.68792224 41.92866979)
O1361558,JF285329,06/18/2022 10:50:00 PM,405 W 87TH ST,DRIVER,-87.63400291,41.73581254,POINT (-87.63400291 41.73581254)
O677071,JC266100,05/16/2019 08:51:00 PM,5100 W CHICAGO AVE,PASSENGER,-87.75321,41.895068,POINT (-87.75321 41.895068)
P275650,JE452061,11/21/2021 12:30:00 AM,1550 N LAKE SHORE DR,PASSENGER,-87.6263928,41.91094388,POINT (-87.6263928 41.91094388)
O769730,JC490597,10/29/2019 10:10:00 AM,4456 N CUMBERLAND AVE,DRIVER,-87.83684579,41.96099108,POINT (-87.83684579 41.96099108)
O1080109,JE205379,04/21/2021 05:30:00 AM,7141 S CICERO AVE,MOTORCYCLIST,-87.74171661,41.76285668,POINT (-87.74171661 41.76285668)
O1019719,JE103264,01/04/2021 04:50:00 PM,3952 W FULLERTON AVE,PEDESTRIAN,-87.72646,41.924598,POINT (-87.72646 41.924598)
O942530,JD339756,08/21/2020 01:00:00 AM,4840 N LAKE SHORE DR NB,PEDESTRIAN,-87.64837,41.970951,POINT (-87.64837 41.970951)
O1303475,JF181933,03/21/2022 07:50:00 PM,600 E MORGAN DR,DRIVER,-87.61094754,41.79325819,POINT (-87.61094754 41.79325819)
O1174034,JE357047,08/31/2021 06:08:00 PM,3600 S KEDZIE AVE,PEDESTRIAN,-87.70469773,41.82803514,POINT (-87.70469773 41.82803514)
O1334496,JF237082,05/10/2022 02:30:00 PM,1659 W CHICAGO AVE,PEDESTRIAN,-87.66966384,41.8959245,POINT (-87.66966384 41.8959245)
O1131709,JE288023,07/03/2021 01:30:00 AM,4200 S LAKE SHORE DRIVE,DRIVER,-87.59662067,41.81849736,POINT (-87.59662067 41.81849736)
P259129,JE325187,08/03/2021 11:34:00 PM,4537 W ARMITAGE AVE,PASSENGER,-87.74027793,41.91688868,POINT (-87.74027793 41.91688868)
O1407732,JF373174,08/28/2022 01:35:00 AM,6459 S CICERO AVE,PEDESTRIAN,-87.7420245,41.77487649,POINT (-87.7420245 41.77487649)
O783901,JC513472,11/17/2019 01:38:00 AM,6709 S STONY ISLAND AVE,CYCLIST,-87.58595,41.773028,POINT (-87.58595 41.773028)
O1105811,JE246851,05/29/2021 01:48:00 AM,8521 S STONY ISLAND AVE,PEDESTRIAN,-87.58512565,41.73988651,POINT (-87.58512565 41.73988651)
O858408,JD179160,03/09/2020 06:39:00 AM,1610 W 79TH ST,PEDESTRIAN,-87.66386,41.750457,POINT (-87.66386 41.750457)
O950892,JD354526,09/02/2020 11:29:00 PM,5200 N LAKE SHORE DR NB,PEDESTRIAN,-87.65044,41.976707,POINT (-87.65044 41.976707)
O760132,JC472214,10/14/2019 12:28:00 PM,2100 N PULASKI RD,PEDESTRIAN,-87.72676,41.919037,POINT (-87.72676 41.919037)
O1312336,JF198793,04/06/2022 04:39:00 AM,1040 W ROOSEVELT RD,DRIVER,-87.65272014,41.86717155,POINT (-87.65272014 41.86717155)
O1379959,JF319806,07/16/2022 02:30:00 PM,9000 S ASHLAND AVE,PEDESTRIAN,-87.66304669,41.73020471,POINT (-87.66304669 41.73020471)
O695774,JC352729,07/17/2019 02:00:00 PM,818 N HOMAN AVE,PEDESTRIAN,-87.7116,41.896082,POINT (-87.7116 41.896082)
O979847,JD404794,10/19/2020 10:37:00 PM,2621 W FULLERTON AVE,DRIVER,-87.69346,41.924737,POINT (-87.69346 41.924737)
O999267,JD440551,11/24/2020 12:30:00 PM,3231 W 26TH ST,PEDESTRIAN,-87.70612,41.844393,POINT (-87.70612 41.844393)
O880424,JD226039,05/06/2020 08:55:00 PM,2424 W CONGRESS PKWY,PEDESTRIAN,-87.68736,41.875105,POINT (-87.68736 41.875105)
O928037,JD314581,07/29/2020 10:15:00 PM,1403 W ROOSEVELT RD,PEDESTRIAN,-87.66177,41.866806,POINT (-87.66177 41.866806)
O809138,JC519616,11/21/2019 08:45:00 AM,4600 N LAKE SHORE DR,PEDESTRIAN,-87.64748,41.965718,POINT (-87.64748 41.965718)
O1110410,JE254243,06/05/2021 01:57:00 AM,2101 W 59TH ST,DRIVER,-87.67666544,41.78648524,POINT (-87.67666544 41.78648524)
O1265951,JF118297,01/19/2022 09:21:00 PM,4242 S INDIANA AVE,DRIVER,-87.62156904,41.81710001,POINT (-87.62156904 41.81710001)
O1380714,JF321442,07/18/2022 05:19:00 AM,2001 N LARAMIE,DRIVER,-87.7557935,41.91702291,POINT (-87.7557935 41.91702291)
O838563,JD145123,02/08/2020 09:47:00 PM,3200 W JACKSON BLVD,DRIVER,-87.70613,41.877436,POINT (-87.70613 41.877436)
O1186699,JE378329,09/18/2021 11:34:00 AM,2700 W NORTH AVE,PEDESTRIAN,-87.69460426,41.91035175,POINT (-87.69460426 41.91035175)
P232662,JE121560,01/23/2021 11:30:00 PM,8299 S STONY ISLAND AVE,PASSENGER,-87.58523,41.744297,POINT (-87.58523 41.744297)
P280617,JE493570,12/30/2021 11:46:00 PM,3234 W DIVISION ST,PASSENGER,-87.70811951,41.9029286,POINT (-87.70811951 41.9029286)
O979300,JD368665,09/16/2020 02:14:00 AM,6259 S HARLEM AVE,MOTORCYCLIST,-87.80076,41.77739,POINT (-87.80076 41.77739)
O1182118,JE370632,09/12/2021 10:38:00 AM,727 S INDEPENDENCE BLVD,CYCLIST,-87.71956136,41.87176575,POINT (-87.71956136 41.87176575)
O1083456,JE211012,04/26/2021 07:25:00 PM,1311 E 83RD ST,MOTORCYCLIST,-87.59239747,41.74401058,POINT (-87.59239747 41.74401058)
O848217,JD161586,02/22/2020 10:25:00 PM,5940 S ASHLAND AVE,PEDESTRIAN,-87.66451,41.785526,POINT (-87.66451 41.785526)
O1074531,JE195991,04/11/2021 03:25:00 AM,699 S AUSTIN BLVD,DRIVER,-87.77419205,41.87132519,POINT (-87.77419205 41.87132519)
O961855,JD373634,09/20/2020 04:59:00 PM,6235 S DR MARTIN LUTHER KING JR DR,MOTORCYCLIST,-87.6155,41.781016,POINT (-87.6155 41.781016)
O563345,JC116064,01/14/2019 05:48:00 AM,5900 S CORNELL DR,DRIVER,-87.58535,41.787977,POINT (-87.58535 41.787977)
O1013903,JD467969,12/23/2020 08:07:00 PM,3130 W 55TH ST,PEDESTRIAN,-87.70247,41.793645,POINT (-87.70247 41.793645)
O1360206,JF272938,06/09/2022 08:18:00 AM,1101 W LELAND AVE,CYCLIST,-87.6575751,41.96711637,POINT (-87.6575751 41.96711637)
O1234452,JE457086,11/26/2021 02:00:00 AM,2199 E HAYES DR,DRIVER,-87.575838,41.780697,POINT (-87.575838 41.780697)
O1227905,JE446684,11/16/2021 03:55:00 AM,1600 E 79TH ST,PEDESTRIAN,-87.58559228,41.75161152,POINT (-87.58559228 41.75161152)
P222810,JD404794,10/19/2020 10:37:00 PM,2621 W FULLERTON AVE,PASSENGER,-87.69346,41.924737,POINT (-87.69346 41.924737)
P165986,JC408188,08/26/2019 03:48:00 PM,6227 W GREGORY ST,PASSENGER,-87.78431,41.981816,POINT (-87.78431 41.981816)
O893675,JD252964,06/03/2020 09:57:00 PM,1600 W IRVING PARK RD,DRIVER,-87.66911,41.954399,POINT (-87.66911 41.954399)
O644207,JC258607,05/11/2019 07:02:00 AM,3156 W 79TH ST,DRIVER,-87.70216,41.749952,POINT (-87.70216 41.749952)
O1295669,JF169374,03/10/2022 01:39:00 PM,12400 S MICHIGAN AVE,DRIVER,-87.62034987,41.66890524,POINT (-87.62034987 41.66890524)
O1324567,JF220819,04/26/2022 02:18:00 PM,5955 S PULASKI RD,MOTORCYCLIST,-87.72277079,41.78428898,POINT (-87.72277079 41.78428898)
O1225889,JE443018,11/12/2021 05:20:00 PM,6800 N WESTERN AVE,PEDESTRIAN,-87.69021903,42.00507612,POINT (-87.69021903 42.00507612)
O888367,JD241441,05/24/2020 02:16:00 PM,1155 S KEDZIE AVE,PEDESTRIAN,-87.70553,41.866519,POINT (-87.70553 41.866519)
O1397803,JF354633,08/12/2022 08:49:00 PM,1514 N PULASKI RD,MOTORCYCLIST,-87.7266227,41.90857828,POINT (-87.7266227 41.90857828)
P315741,JF399195,09/17/2022 02:00:00 AM,5100 S STATE ST,PASSENGER,-87.62603526,41.8018903,POINT (-87.62603526 41.8018903)
O1162219,JE337822,08/15/2021 01:45:00 AM,1402 E 95TH ST,DRIVER,-87.58981789,41.72238305,POINT (-87.58981789 41.72238305)
O1003180,JD448093,12/02/2020 11:44:00 PM,300 E WACKER SUB DR,DRIVER,-87.62058,41.887861,POINT (-87.62058 41.887861)
O942990,JD340506,08/21/2020 06:00:00 PM,5170 S ARCHER AVE,CYCLIST,-87.73313,41.800313,POINT (-87.73313 41.800313)
O1319042,JF210763,04/17/2022 02:54:00 PM,4500 N HAZEL ST,PEDESTRIAN,-87.65251341,41.96367847,POINT (-87.65251341 41.96367847)
O790107,JC524901,11/26/2019 08:38:00 AM,5 W TERMINAL ST,PEDESTRIAN,-87.88987,41.97517,POINT (-87.88987 41.97517)
O1376675,JF314027,07/11/2022 08:48:00 PM,4900 S DREXEL BLVD,DRIVER,-87.60444034,41.80582656,POINT (-87.60444034 41.80582656)
,XMP2100039581,06/27/2021 04:55:00 PM,"REPORTED BY METRA POLICE, 1431 W 107TH ST",PASSENGER,-87.65831496,41.69944718,POINT (-87.65831496 41.69944718)
O822249,JD115855,01/14/2020 07:52:00 PM,6120 W DEVON AVE,PEDESTRIAN,-87.78104,41.997515,POINT (-87.78104 41.997515)
O1142097,JE305213,07/17/2021 10:30:00 AM,401 E 71ST ST,PEDESTRIAN,-87.61519739,41.7656031,POINT (-87.61519739 41.7656031)
O1261409,JF109971,01/11/2022 08:05:00 PM,2900 W CONGRESS PKWY,PEDESTRIAN - PENDING,-87.69870651,41.87498737,POINT (-87.69870651 41.87498737)
P211164,JD308693,07/24/2020 06:15:00 PM,2150 W 43RD ST,PASSENGER,-87.6786,41.815863,POINT (-87.6786 41.815863)
O869239,JD202254,04/04/2020 09:50:00 PM,4222 W MADISON ST,PEDESTRIAN,-87.73154,41.880766,POINT (-87.73154 41.880766)
O676647,JC317639,06/22/2019 09:20:00 PM,3158 W FULLERTON AVE,DRIVER,-87.70696618,41.92482576,POINT (-87.70696618 41.92482576)
O1393024,JF345733,08/05/2022 06:34:00 PM,7900 S RACINE AVE,PEDESTRIAN,-87.65388333,41.75047493,POINT (-87.65388333 41.75047493)
P157387,JC343008,07/10/2019 04:44:00 PM,400 W 71ST ST,PASSENGER,-87.63473,41.765465,POINT (-87.63473 41.765465)
O1065362,JE179733,03/25/2021 07:36:00 PM,5100 S MICHIGAN AVE,PEDESTRIAN,-87.62279,41.801897,POINT (-87.62279 41.801897)
O660486,JC177251,03/07/2019 07:05:00 PM,5110 S PULASKI RD,PEDESTRIAN,-87.72351,41.800034,POINT (-87.72351 41.800034)
O1047577,JE148664,02/22/2021 11:54:00 AM,7410 S RACINE AVE,PEDESTRIAN,-87.65411,41.759232,POINT (-87.65411 41.759232)
P199485,JD210603,04/16/2020 10:40:00 PM,6900 S STATE ST,PASSENGER,-87.62509,41.769104,POINT (-87.62509 41.769104)
O1204987,JE409110,10/14/2021 05:37:00 AM,1141 S CALIFORNIA AVE,PEDESTRIAN,-87.69577115,41.86707301,POINT (-87.69577115 41.86707301)
P189390,JC485310,10/24/2019 09:03:00 PM,101 N WACKER DR,PASSENGER,-87.63665,41.883234,POINT (-87.63665 41.883234)
O1108590,JE251493,06/02/2021 06:06:00 PM,11100 S HALSTED ST,PEDESTRIAN,-87.64252269,41.69226312,POINT (-87.64252269 41.69226312)
O1195697,JE393516,09/30/2021 11:11:00 PM,9104 S VINCENNES AVE,DRIVER,-87.64816707,41.72852791,POINT (-87.64816707 41.72852791)
O1012038,JD464111,12/19/2020 10:50:00 PM,5620 S CALIFORNIA AVE,CYCLIST,-87.69388,41.791212,POINT (-87.69388 41.791212)
O1092446,JE225211,05/10/2021 02:33:00 AM,1303 W 103RD ST,DRIVER,-87.65519287,41.70668725,POINT (-87.65519287 41.70668725)
P154083,JC318771,06/23/2019 06:05:00 PM,2255 W HARRISON ST,PASSENGER,-87.6835,41.873822,POINT (-87.6835 41.873822)
O703039,JC365915,07/26/2019 06:55:00 PM,4715 S ASHLAND AVE,PEDESTRIAN,-87.664814,41.80811963,POINT (-87.664814 41.80811963)
O929077,JD316129,07/31/2020 10:56:00 AM,458 W 87TH ST,MOTORCYCLIST,-87.63626,41.736287,POINT (-87.63626 41.736287)
O906432,JD276343,06/25/2020 09:00:00 PM,8500 S PULASKI RD,DRIVER,-87.72170401,41.7384684,POINT (-87.72170401 41.7384684)
O914788,JD290987,07/08/2020 10:29:00 PM,11800 S HALSTED ST,DRIVER,-87.64211,41.679598,POINT (-87.64211 41.679598)
O1114493,JE260697,06/10/2021 11:30:00 AM,9139 S COMMERCIAL AVE,PEDESTRIAN,-87.55108091,41.7289095,POINT (-87.55108091 41.7289095)
O1238187,JE463844,12/02/2021 04:50:00 PM,3025 N CALIFORNIA AVE,PEDESTRIAN,-87.69759906,41.93661423,POINT (-87.69759906 41.93661423)
O600653,JC174555,03/05/2019 03:48:00 PM,5059 S WESTERN AVE,PEDESTRIAN,-87.68408,41.80124,POINT (-87.68408 41.80124)
O1160020,JE334439,08/11/2021 10:50:00 PM,9500 S DORCHESTER,DRIVER,-87.59079881,41.72219098,POINT (-87.59079881 41.72219098)
O1346996,JF259507,05/29/2022 12:53:00 AM,1117 W 103RD ST,DRIVER,-87.65081079,41.70673643,POINT (-87.65081079 41.70673643)
O1265986,JF118409,01/20/2022 03:16:00 AM,4055 W PETERSON AVE,DRIVER,-87.73080373,41.98999904,POINT (-87.73080373 41.98999904)
O833782,JD136758,02/01/2020 07:45:00 PM,1401 S LAKE SHORE DRIVE,PEDESTRIAN,-87.61866,41.864153,POINT (-87.61866 41.864153)
O1125801,JE278607,06/24/2021 11:15:00 PM,1632 E MARQUETTE DR,DRIVER,-87.58485904,41.77536486,POINT (-87.58485904 41.77536486)
O1290371,JF159275,02/28/2022 11:18:00 PM,11100 S COTTAGE GROVE,DRIVER,-87.61001554,41.69274215,POINT (-87.61001554 41.69274215)
P259594,JE311932,07/23/2021 10:52:00 PM,532 W 59TH ST,PASSENGER,-87.6387639,41.78724155,POINT (-87.6387639 41.78724155)
O1427351,JF409841,09/25/2022 06:17:00 AM,9357 S COLFAX AVE,DRIVER,-87.56062435,41.72464073,POINT (-87.56062435 41.72464073)
O632999,JC238954,04/26/2019 10:26:00 AM,2110 W 69TH PL,PEDESTRIAN,-87.6765,41.767612,POINT (-87.6765 41.767612)
P251894,JE272604,06/20/2021 01:15:00 AM,3900 S STATE ST,PASSENGER,-87.62657307,41.82362966,POINT (-87.62657307 41.82362966)
O879862,JD224906,05/05/2020 03:00:00 PM,4700 S ASHLAND AVE,PEDESTRIAN,-87.66511729,41.8085116,POINT (-87.66511729 41.8085116)
,X258,02/07/2019 05:43:00 AM,REPORTED BY SUMMIT POLICE DEPARTMENT,PEDESTRIAN,-87.8016,41.79194,POINT (-87.8016 41.79194)
O709305,JC373564,08/01/2019 09:03:00 AM,1030 W OAKDALE AVE,PEDESTRIAN,-87.65513,41.935445,POINT (-87.65513 41.935445)
O902710,JD269737,06/19/2020 11:01:00 PM,4700 S COTTAGE GROVE AVE,PEDESTRIAN,-87.60671,41.809485,POINT (-87.60671 41.809485)
O1170182,JE350872,08/26/2021 03:50:00 PM,300 N CENTRAL PARK AVE,PEDESTRIAN,-87.71620313,41.88633641,POINT (-87.71620313 41.88633641)
P246681,JE236987,05/20/2021 11:40:00 PM,4531 W DIVISION ST,PASSENGER,-87.73981922,41.90234112,POINT (-87.73981922 41.90234112)
O1244925,JE474201,12/11/2021 05:54:00 PM,2400 W OGDEN AVE,PEDESTRIAN,-87.68616067,41.86483171,POINT (-87.68616067 41.86483171)
O867137,JD197089,03/28/2020 06:47:00 PM,1305 N LARAMIE AVE,PEDESTRIAN,-87.75567,41.904267,POINT (-87.75567 41.904267)
O1341010,JF248699,05/19/2022 10:52:00 PM,5359 W IRVING PARK RD,MOTORCYCLIST,-87.76194882,41.95313519,POINT (-87.76194882 41.95313519)
O665992,JC298162,06/08/2019 09:20:00 PM,6358 S ASHLAND AVE,PEDESTRIAN,-87.66432,41.777742,POINT (-87.66432 41.777742)
O998301,JD439054,11/22/2020 09:16:00 PM,3624 W JACKSON BLVD,DRIVER,-87.71635527,41.8773123,POINT (-87.71635527 41.8773123)
O1272866,JF128397,01/30/2022 02:50:00 AM,4001 S PULASKI RD,DRIVER,-87.72381922,41.81905229,POINT (-87.72381922 41.81905229)
O971000,JD388912,10/04/2020 10:45:00 PM,2709 E 79TH ST,DRIVER,-87.55847,41.751726,POINT (-87.55847 41.751726)
O1247704,JE480235,12/17/2021 05:35:00 AM,3455 W IRVING PARK RD,PEDESTRIAN,-87.71513829,41.95371504,POINT (-87.71513829 41.95371504)
O771041,JC492732,10/30/2019 09:10:00 PM,10614 S WESTERN AVE,PEDESTRIAN,-87.6815773,41.70041507,POINT (-87.6815773 41.70041507)
O1149843,JE317727,07/28/2021 07:14:00 PM,7899 S STONY ISLAND,DRIVER,-87.58546514,41.75151786,POINT (-87.58546514 41.75151786)
O1415621,JF387974,09/08/2022 11:44:00 AM,710 N MILWAUKEE AVE,CYCLIST,-87.6528852,41.89446403,POINT (-87.6528852 41.89446403)
O739363,JC435095,09/16/2019 12:00:00 AM,19 E OHIO ST,PEDESTRIAN,-87.62724,41.892374,POINT (-87.62724 41.892374)
O1310536,JF195419,04/03/2022 04:05:00 AM,929 W MARQUETTE RD,DRIVER,-87.64817177,41.77231242,POINT (-87.64817177 41.77231242)
P212634,JD319058,08/02/2020 08:23:00 PM,5799 S LAKE SHORE DR,PASSENGER,-87.57898,41.790282,POINT (-87.57898 41.790282)
O1389520,JF338106,07/30/2022 11:50:00 PM,4600 W DIVERSEY,PEDESTRIAN,-87.74199681,41.93170309,POINT (-87.74199681 41.93170309)
O1335186,JF238182,05/11/2022 01:06:00 PM,2101 W PETERSON AVE,PEDESTRIAN,-87.68258356,41.99051688,POINT (-87.68258356 41.99051688)
O953575,JD359074,09/06/2020 11:20:00 PM,3358 W 114TH ST,PEDESTRIAN,-87.70539,41.686628,POINT (-87.70539 41.686628)
O783891,JC513559,11/17/2019 02:40:00 AM,1000 W IRVING PARK,PEDESTRIAN,-87.65463,41.954597,POINT (-87.65463 41.954597)
O1154682,JE325852,08/04/2021 01:14:00 AM,1101 W IRVING PARK RD,DRIVER,-87.65698331,41.95434048,POINT (-87.65698331 41.95434048)
P306758,JF317920,07/14/2022 09:35:00 PM,4331 N  MANNHEIM RD,PASSENGER,-87.884217,41.957599,POINT (-87.884217 41.957599)
O1103269,JE243128,05/26/2021 04:02:00 AM,200 N KOSTNER AVE,PEDESTRIAN,-87.73570901,41.88330951,POINT (-87.73570901 41.88330951)
P148464,JC277446,05/24/2019 11:17:00 PM,2634 E 126TH ST,PASSENGER,-87.55865,41.666288,POINT (-87.55865 41.666288)
O1082544,JE209417,04/25/2021 04:00:00 AM,10000 W OHARE ST,DRIVER,-87.90530913,41.97620114,POINT (-87.90530913 41.97620114)
O624047,JC222309,04/12/2019 08:03:00 PM,2900 S LAKE SHORE DR SB,PEDESTRIAN,-87.6103,41.842075,POINT (-87.6103 41.842075)
O1028853,JD455562,12/10/2020 11:31:00 AM,1159 N HAMLIN AVE,PEDESTRIAN,-87.63158,41.834487,POINT (-87.63158 41.834487)
O882908,JD230760,05/12/2020 07:00:00 PM,3036 W IRVING PARK RD,DRIVER,-87.70465,41.954051,POINT (-87.70465 41.954051)
O1139967,JE301656,07/14/2021 08:00:00 PM,7300 N SACRAMENTO,CYCLIST,-87.70455995,42.01382663,POINT (-87.70455995 42.01382663)
O1174096,JE357337,09/01/2021 12:15:00 AM,3836 S LAKE SHORE DRIVE BLVD SB,DRIVER,-87.6017337,41.82677716,POINT (-87.6017337 41.82677716)
O916792,JD294401,07/11/2020 11:50:00 PM,11100 S PULASKI RD,PEDESTRIAN,-87.72046,41.691095,POINT (-87.72046 41.691095)
O682190,JC327522,06/29/2019 04:06:00 PM,9499 S  ST LAWRENCE AVE,MOTORCYCLIST,-87.60916,41.722069,POINT (-87.60916 41.722069)
O800965,JC544644,12/12/2019 07:20:00 PM,10220 S WENTWORTH AVE,DRIVER,-87.62849,41.70827,POINT (-87.62849 41.70827)
O1189531,JE382096,09/21/2021 01:30:00 PM,3600 S CALIFORNIA AVE,PEDESTRIAN,-87.69490963,41.82822428,POINT (-87.69490963 41.82822428)
P205685,JD266584,06/17/2020 03:00:00 AM,3300 W 87TH ST,PASSENGER,-87.70463,41.735259,POINT (-87.70463 41.735259)
,X03-20-03251,03/05/2020 06:34:00 PM,REPORTED BY EXTERNAL POLICE DEPARTMENT,DRIVER,-87.58499267,41.72135413,POINT (-87.58499267 41.72135413)
O1217283,JE428442,10/30/2021 11:38:00 PM,8201 S STONY ISLAND AVE,DRIVER,-87.58525697,41.7459383,POINT (-87.58525697 41.7459383)
O614378,JC204958,03/29/2019 08:02:00 PM,14 W 87th ST,CYCLIST,-87.62498,41.73639,POINT (-87.62498 41.73639)
O573363,JC133191,01/29/2019 03:25:00 AM,7459 S RACINE AVE,DRIVER,-87.65379,41.757968,POINT (-87.65379 41.757968)
O720157,JC382901,08/07/2019 05:00:00 PM,4300 S CALIFORNIA AVE,PEDESTRIAN,-87.69457,41.81545,POINT (-87.69457 41.81545)
O1059292,JE170055,03/15/2021 09:41:00 PM,318 E 71ST ST,DRIVER,-87.61763,41.765773,POINT (-87.61763 41.765773)
O810553,JC560899,12/26/2019 03:07:00 PM,248 W GARFIELD BLVD,PEDESTRIAN,-87.63251977,41.79463459,POINT (-87.63251977 41.79463459)
O685933,JC333803,07/03/2019 09:53:00 PM,6900 S STONY ISLAND AVE,MOTORCYCLIST,-87.58638,41.76965,POINT (-87.58638 41.76965)
P261175,JE341301,08/18/2021 09:22:00 AM,9100 S LAFAYETTE,PASSENGER,-87.62538276,41.72893072,POINT (-87.62538276 41.72893072)
O978009,JD400195,10/14/2020 02:37:00 PM,2605 W VAN BUREN ST,PEDESTRIAN,-87.64522,41.802543,POINT (-87.64522 41.802543)
O989146,JD421565,11/05/2020 10:25:00 AM,1155 S MORGAN ST,PEDESTRIAN,-87.6509,41.867154,POINT (-87.6509 41.867154)
O1230144,JE450267,11/19/2021 11:01:00 AM,2323 W 111TH ST,PEDESTRIAN,-87.67977917,41.6916792,POINT (-87.67977917 41.6916792)
O1365553,JF292549,06/24/2022 04:07:00 PM,6246 S AUSTIN AVE,CYCLIST,-87.77165725,41.77829263,POINT (-87.77165725 41.77829263)
O942495,JD339575,08/20/2020 08:08:00 PM,5199 S PAYNE DR,PEDESTRIAN,-87.60744328,41.8002944,POINT (-87.60744328 41.8002944)
P290150,JF181933,03/21/2022 07:50:00 PM,600 E MORGAN DR,PASSENGER,-87.61094754,41.79325819,POINT (-87.61094754 41.79325819)
P230998,JE105573,01/06/2021 11:20:00 PM,8623 S VINCENNES AVE,PASSENGER,-87.64234,41.737903,POINT (-87.64234 41.737903)
O1168111,JE347654,08/23/2021 07:45:00 PM,1650 N ELSTON,MOTORCYCLIST,-87.66325377,41.91197223,POINT (-87.66325377 41.91197223)
O1155119,JE291564,07/04/2021 11:50:00 PM,8200 S STONY ISLAND AVE,PEDESTRIAN,-87.58599491,41.74592826,POINT (-87.58599491 41.74592826)
O1427068,JF397591,09/15/2022 07:53:00 PM,1029 W 79TH ST,PEDESTRIAN,-87.5991867,41.75124085,POINT (-87.5991867 41.75124085)
O1408357,JF374389,08/29/2022 07:45:00 AM,1201 N CICERO AVE,DRIVER,-87.74583229,41.90239931,POINT (-87.74583229 41.90239931)
P166291,JC411518,08/29/2019 02:20:00 AM,1 S HALSTED ST,PASSENGER,-87.64721,41.881717,POINT (-87.64721 41.881717)
P217370,JD358151,09/06/2020 03:20:00 AM,1000 N LAKE SHORE DR NB,PASSENGER,-87.61978,41.901003,POINT (-87.61978 41.901003)
O1053810,JE159640,03/05/2021 08:35:00 AM,5123 S WESTERN,DRIVER,-87.65398,41.800411,POINT (-87.65398 41.800411)
O873557,JD211440,04/18/2020 04:31:00 AM,5959 W WARWICK AVE,DRIVER,-87.77648,41.948393,POINT (-87.77648 41.948393)
O1074810,JE196380,04/11/2021 03:25:00 PM,2800 N ALBANY AVE,PEDESTRIAN,-87.70512936,41.93213113,POINT (-87.70512936 41.93213113)
O1244990,JE474920,12/12/2021 12:45:00 PM,5301 N DUSABLE LAKE SHORE DR,DRIVER,-87.65088926,41.97833081,POINT (-87.65088926 41.97833081)
O1100265,JE238143,05/21/2021 11:00:00 PM,1667 E HAYES DR,MOTORCYCLIST,-87.58442659,41.7805041,POINT (-87.58442659 41.7805041)
O1229896,JE449887,11/18/2021 10:50:00 PM,101 W ROOSEVELT RD,DRIVER,-87.63048697,41.86726343,POINT (-87.63048697 41.86726343)
P268396,JE396126,10/03/2021 03:03:00 AM,2400 W IRVING PARK RD - PENDING,PASSENGER,-87.68858958,41.9541207,POINT (-87.68858958 41.9541207)
O644899,JC259570,05/11/2019 11:14:00 PM,8300 S COTTAGE GROVE AVE,PEDESTRIAN,-87.60517616,41.74387382,POINT (-87.60517616 41.74387382)
O896315,JD257709,06/08/2020 02:39:00 PM,4500 S RACINE AVE,DRIVER,-87.65539,41.812277,POINT (-87.65539 41.812277)
O1011542,JD463787,12/19/2020 04:50:00 PM,10100 S VERNON AVE,DRIVER,-87.61279,41.710885,POINT (-87.61279 41.710885)
O869320,JD202352,04/05/2020 02:11:00 AM,1725 E 67TH ST,PEDESTRIAN,-87.58279,41.773265,POINT (-87.58279 41.773265)
O629006,JC231196,04/20/2019 06:34:00 AM,2751 N LAKE SHORE DR NB,DRIVER,-87.63176,41.932313,POINT (-87.63176 41.932313)
P154084,JC318771,06/23/2019 06:05:00 PM,2255 W HARRISON ST,PASSENGER,-87.6835,41.873822,POINT (-87.6835 41.873822)
P267303,JE387474,09/26/2021 12:14:00 AM,4998 W JACKSON BLVD,PASSENGER,-87.74918825,41.87684233,POINT (-87.74918825 41.87684233)
O918558,JD297718,07/14/2020 10:40:00 PM,751 N KEDZIE AVE,MOTORCYCLIST,-87.7064,41.895237,POINT (-87.7064 41.895237)
,JD291125,07/09/2020 03:45:00 AM,4047 W CHICAGO AVE,DRIVER,-87.72797,41.895223,POINT (-87.72797 41.895223)
P137497,JC196251,03/23/2019 03:23:00 AM,1401 E 95TH ST,DRIVER,-87.5908,41.722151,POINT (-87.5908 41.722151)
O1219810,JE432621,11/03/2021 01:31:00 PM,5957 W TOUHY AVE,DRIVER,-87.77642769,42.01186629,POINT (-87.77642769 42.01186629)
O1021279,JE106315,01/07/2021 06:44:00 PM,7900 S LAFAYETTE AVE,PEDESTRIAN,-87.62597,41.750891,POINT (-87.62597 41.750891)
O1162628,JE337607,08/14/2021 09:33:00 PM,3375 W HARRISON ST,PEDESTRIAN,-87.71071584,41.87351931,POINT (-87.71071584 41.87351931)
O1082534,JE209489,04/25/2021 08:30:00 AM,6300 N CENTRAL AVE,DRIVER,-87.76433185,41.99622779,POINT (-87.76433185 41.99622779)
O946888,JD347219,08/27/2020 03:20:00 PM,6900 S DAMEN AVE,PEDESTRIAN,-87.67377,41.768393,POINT (-87.67377 41.768393)
P248660,JE250622,06/02/2021 12:25:00 AM,200 S LAKE SHORE DR,PASSENGER,-87.61737571,41.87958569,POINT (-87.61737571 41.87958569)
O785779,JC517032,11/19/2019 09:14:00 PM,2300 W OGDEN AVE,DRIVER,-87.68381,41.86666,POINT (-87.68381 41.86666)
O979822,JD404773,10/19/2020 09:10:00 PM,1625 W 87TH ST,DRIVER,-87.66406,41.735667,POINT (-87.66406 41.735667)
O981641,JD407909,10/22/2020 08:05:00 AM,699 S LAKE SHORE DR NB,MOTORCYCLIST,-87.61694,41.873324,POINT (-87.61694 41.873324)
O564489,JC118579,01/16/2019 05:17:00 AM,5400 S LONG AVE,DRIVER,-87.75761678,41.7945227,POINT (-87.75761678 41.7945227)
O1064474,JE179204,03/25/2021 10:41:00 AM,5900 S CICERO AVE,DRIVER,-87.74149,41.785643,POINT (-87.74149 41.785643)
O832962,JD135282,01/31/2020 03:12:00 PM,6800 S KANST DR,DRIVER,-87.69531,41.770313,POINT (-87.69531 41.770313)
P194323,JD164840,02/25/2020 06:45:00 PM,1020 E 95TH ST,PASSENGER,-87.5988,41.722249,POINT (-87.5988 41.722249)
,XMP2100039581,06/27/2021 04:55:00 PM,REPORTED BY METRA POLICE 1431 W 107TH ST,DRIVER,-87.65831496,41.69944718,POINT (-87.65831496 41.69944718)
O1356834,JF277112,06/12/2022 03:15:00 PM,2059 W IRVING PARK RD,PEDESTRIAN,-87.68111928,41.95401197,POINT (-87.68111928 41.95401197)
O1013904,JD467969,12/23/2020 08:07:00 PM,3130 W 55TH ST,PEDESTRIAN,-87.70247,41.793645,POINT (-87.70247 41.793645)
O1145916,JE311349,07/23/2021 12:55:00 PM,1199 S KILBOURN AVE,DRIVER,-87.73726115,41.86604904,POINT (-87.73726115 41.86604904)
O810212,JC407592,08/26/2019 09:00:00 AM,3631 S CALIFORNIA AVE,DRIVER,-87.69459,41.827386,POINT (-87.69459 41.827386)
O926730,JD312124,07/27/2020 07:32:00 PM,3401 W NORTH AVE,PEDESTRIAN,-87.71195,41.909943,POINT (-87.71195 41.909943)
O1233703,JE455480,11/24/2021 09:55:00 AM,1958 N KOSTNER AVE,PEDESTRIAN,-87.73647199,41.91695135,POINT (-87.73647199 41.91695135)
P288495,JF169374,03/10/2022 01:39:00 PM,12400 S MICHIGAN AVE,PASSENGER,-87.62034987,41.66890524,POINT (-87.62034987 41.66890524)
P266247,JE379217,09/19/2021 04:35:00 AM,597 W 79TH ST,PASSENGER,-87.63923438,41.7506027,POINT (-87.63923438 41.7506027)
O1404080,JF366738,08/22/2022 10:17:00 PM,112 E 51ST STREET,PEDESTRIAN,-87.62202365,41.80211996,POINT (-87.62202365 41.80211996)
O765693,JC483340,10/23/2019 11:42:00 AM,4001 E 134TH ST,DRIVER,-87.52761765,41.65150303,POINT (-87.52761765 41.65150303)
O1052569,JE155383,02/28/2021 08:00:00 PM,7700 S RACINE AVE,DRIVER,-87.65398,41.754044,POINT (-87.65398 41.754044)
O1206912,JE412312,10/17/2021 01:27:00 AM,4233 W 36TH ST,MOTORCYCLIST,-87.73040368,41.82704903,POINT (-87.73040368 41.82704903)
O1184625,JE375024,09/15/2021 07:20:00 PM,2947 W LUIS MUNOZ MARIN DR,MOTORCYCLIST,-87.70193357,41.9034148,POINT (-87.70193357 41.9034148)
O1266576,JF119156,01/20/2022 06:15:00 PM,7604 W TOUHY AVE,PEDESTRIAN,-87.81663828,42.01155999,POINT (-87.81663828 42.01155999)
O1118922,JE267419,06/15/2021 08:34:00 AM,2500 S MILLARD AVE,PEDESTRIAN,-87.71620411,41.84610927,POINT (-87.71620411 41.84610927)
O1226037,JE443459,11/13/2021 03:30:00 AM,559 N LAKE SHORE DR,DRIVER,-87.61382302,41.89264577,POINT (-87.61382302 41.89264577)
O1395698,JF350530,08/09/2022 03:30:00 PM,5595 S ARCHER AVE,MOTORCYCLIST,-87.74999404,41.79750716,POINT (-87.74999404 41.79750716)
O1261870,JF110951,01/12/2022 08:06:00 PM,6831 S STONY ISLAND AVE,PEDESTRIAN,-87.58582184,41.770584,POINT (-87.58582184 41.770584)
,X7820,02/12/2020 07:32:00 PM,REPORTED BY HOMETOWN POLICE DEPARTMENT,DRIVER,-87.72137345,41.73490932,POINT (-87.72137345 41.73490932)
,X1220,06/20/2019 12:25:00 PM,REPORTED BY UNIVERSITY OF ILLINOIS CHICAGO POLICE DEPARTMENT,PASSENGER,-87.6467,41.86415224,POINT (-87.6467 41.86415224)
P134408,JC172728,03/03/2019 08:46:00 PM,10700 S CALUMET AVE,PASSENGER,-87.61493494,41.69996826,POINT (-87.61493494 41.69996826)
O897227,JD242357,05/25/2020 01:07:00 PM,600 S CANAL ST,PEDESTRIAN,-87.6396,41.874331,POINT (-87.6396 41.874331)
O928687,JD315787,07/31/2020 12:12:00 PM,6438 N SHERIDAN RD,PEDESTRIAN,-87.66082,41.999335,POINT (-87.66082 41.999335)
O703854,JC367464,07/27/2019 09:48:00 PM,3731 S LAKE SHORE DR NB,PEDESTRIAN,-87.60337,41.828738,POINT (-87.60337 41.828738)
O689986,JC342305,07/10/2019 07:50:00 AM,6500 S KEDZIE AVE,PEDESTRIAN,-87.7032,41.775274,POINT (-87.7032 41.775274)
O907194,JD277647,06/27/2020 02:11:00 AM,4651 W 79TH ST,DRIVER,-87.73842285,41.74908883,POINT (-87.73842285 41.74908883)
P232406,JE118554,01/20/2021 09:35:00 PM,4928 S CICERO AVE,PASSENGER,-87.74318,41.803086,POINT (-87.74318 41.803086)
O1241324,JE469018,12/07/2021 11:20:00 AM,4050 W MADISON ST,PEDESTRIAN,-87.72769579,41.88081097,POINT (-87.72769579 41.88081097)
O1346212,JF258197,05/27/2022 08:28:00 PM,2976 W COLUMBUS AVE,PEDESTRIAN,-87.69775607,41.75270075,POINT (-87.69775607 41.75270075)
,X49823,08/06/2021 04:04:00 PM,"REPORTED BY EXTERNAL POLICE DEPARTMENT, 5715 N NAGLE AVE",DRIVER,-87.78769056,41.98521559,POINT (-87.78769056 41.98521559)
P173037,JC464253,10/08/2019 05:39:00 AM,3600 S TRUMBULL AVE,PASSENGER,-87.71128,41.844341,POINT (-87.71128 41.844341)
O789293,JC523440,11/25/2019 01:55:00 AM,5700 S LAKE SHORE DR,DRIVER,-87.58014777,41.79142028,POINT (-87.58014777 41.79142028)
O1002852,JD447448,12/02/2020 12:09:00 PM,2720 W JARVIS AVE,PEDESTRIAN,-87.69817,42.015842,POINT (-87.69817 42.015842)
O963660,JD376667,09/23/2020 01:34:00 PM,7801 S STATE ST,DRIVER,-87.62446,41.752728,POINT (-87.62446 41.752728)
O1105379,JE246098,05/28/2021 05:20:00 PM,300 S WABASH AVE,PEDESTRIAN,-87.62622894,41.87818171,POINT (-87.62622894 41.87818171)
O1318683,JF210229,04/16/2022 10:10:00 PM,900 W MADISON ST,CYCLIST,-87.64976002,41.88184639,POINT (-87.64976002 41.88184639)
O1122323,JE272715,06/20/2021 02:39:00 AM,405 S HOMAN AVE,MOTORCYCLIST,-87.71067672,41.87531238,POINT (-87.71067672 41.87531238)
P186358,JD101193,01/01/2020 11:18:00 PM,1448 W 112TH PL,PASSENGER,-87.65875,41.689427,POINT (-87.65875 41.689427)
O1290659,JF158930,02/28/2022 04:40:00 PM,699 S DUSABLE LAKE SHORE NB Dr,CYCLIST,-87.61693637,41.87332411,POINT (-87.61693637 41.87332411)
O1261491,JE304384,07/17/2021 10:30:00 AM,2740 W ROOSEVELT,CYCLIST,-87.69509809,41.86662933,POINT (-87.69509809 41.86662933)
O728695,JC414940,08/31/2019 03:41:00 PM,4741 W FULLERTON AVE,PEDESTRIAN,-87.74553,41.924141,POINT (-87.74553 41.924141)
O1088690,JE219452,05/04/2021 11:52:00 AM,8828 S ASHLAND AVE,DRIVER,-87.66313654,41.73310602,POINT (-87.66313654 41.73310602)
P316722,JF408391,09/24/2022 01:15:00 AM,5327 S DUSABLE LAKE SHORE,PASSENGER,-87.58095357,41.79898927,POINT (-87.58095357 41.79898927)
P217371,JD358151,09/06/2020 03:20:00 AM,1000 N LAKE SHORE DR NB,PASSENGER,-87.61978,41.901003,POINT (-87.61978 41.901003)
O1326464,JF223194,04/28/2022 02:12:00 PM,632 N CICERO AVE,MOTORCYCLIST,-87.74586235,41.89231009,POINT (-87.74586235 41.89231009)
P218319,JD366428,09/13/2020 11:10:00 PM,5830 S CICERO AVE,DRIVER,-87.74151,41.786812,POINT (-87.74151 41.786812)
O1336074,JF239981,05/12/2022 08:31:00 PM,7600 W FOREST PRESERVE AVE,MOTORCYCLIST,-87.81707837,41.94921087,POINT (-87.81707837 41.94921087)
P280573,JE493277,12/30/2021 06:26:00 PM,7600 W FOREST PRESERVE AVE,PASSENGER,-87.81707837,41.94921087,POINT (-87.81707837 41.94921087)
O1149865,JE317860,07/28/2021 08:49:00 PM,810 S WESTERN AVE,PEDESTRIAN,-87.68630098,41.87079703,POINT (-87.68630098 41.87079703)
O974151,JD394588,10/10/2020 03:47:00 AM,2602 S WESTERN AVE,MOTORCYCLIST,-87.68559,41.844692,POINT (-87.68559 41.844692)
O773263,JC495830,11/02/2019 01:08:00 PM,5 E CONGRESS PKWY,PEDESTRIAN,-87.6276,41.8755682,POINT (-87.6276 41.8755682)
